{"cameraMode":{"drawMode":0,"name":"Shaded","section":"Shading Mode"},"sceneLighting":true,"audioPlay":false,"sceneViewState":{"m_AlwaysRefresh":false,"showFog":true,"showSkybox":true,"showFlares":true,"showImageEffects":true,"showParticleSystems":true,"showVisualEffectGraphs":true,"m_FxEnabled":true},"in2DMode":false,"pivot":{"x":-6.6678080558776859,"y":19.43498420715332,"z":-64.48384857177735},"rotation":{"x":0.030640071257948877,"y":0.9634954333305359,"z":-0.23456059396266938,"w":0.12556302547454835},"size":0.05699898675084114,"orthographic":false}